date,opponent
1999-09-12,CHI
1999-09-19,DEN
1999-09-26,DET
1999-10-03,SD
1999-10-10,NE
1999-10-21,BAL
1999-10-31,SD
1999-11-07,IND
1999-11-14,TB
1999-11-21,SEA
1999-11-28,OAK
1999-12-05,DEN
1999-12-12,MIN
1999-12-18,PIT
1999-12-26,SEA
2000-01-02,OAK
2000-09-03,IND
2000-09-10,TEN
2000-09-17,SD
2000-09-24,DEN
2000-10-02,SEA
2000-10-15,OAK
2000-10-22,STL
2000-10-29,SEA
2000-11-05,OAK
2000-11-12,SF
2000-11-19,BUF
2000-11-26,SD
2000-12-04,NE
2000-12-10,CAR
2000-12-17,DEN
2000-12-24,ATL
2001-09-09,OAK
2001-09-23,NYG
2001-09-30,WAS
2001-10-07,DEN
2001-10-14,PIT
2001-10-21,ARI
2001-10-25,IND
2001-11-04,SD
2001-11-11,NYJ
2001-11-25,SEA
2001-11-29,PHI
2001-12-09,OAK
2001-12-16,DEN
2001-12-23,SD
2001-12-30,JAX
2002-01-06,SEA
2002-09-08,CLE
2002-09-15,JAX
2002-09-22,NE
2002-09-29,MIA
2002-10-06,NYJ
2002-10-13,SD
2002-10-20,DEN
2002-10-27,OAK
2002-11-10,SF
2002-11-17,BUF
2002-11-24,SEA
2002-12-01,ARI
2002-12-08,STL
2002-12-15,DEN
2002-12-22,SD
2002-12-28,OAK
2003-09-07,SD
2003-09-14,PIT
2003-09-21,HOU
2003-09-28,BAL
2003-10-05,DEN
2003-10-12,GB
2003-10-20,OAK
2003-10-26,BUF
2003-11-09,CLE
2003-11-16,CIN
2003-11-23,OAK
2003-11-30,SD
2003-12-07,DEN
2003-12-14,DET
2003-12-20,MIN
2003-12-28,CHI
2004-01-11,IND
2004-09-12,DEN
2004-09-19,CAR
2004-09-26,HOU
2004-10-04,BAL
2004-10-17,JAX
2004-10-24,ATL
2004-10-31,IND
2004-11-07,TB
2004-11-14,NO
2004-11-22,NE
2004-11-28,SD
2004-12-05,OAK
2004-12-13,TEN
2004-12-19,DEN
2004-12-25,OAK
2005-01-02,SD
2005-09-11,NYJ
2005-09-18,OAK
2005-09-26,DEN
2005-10-02,PHI
2005-10-16,WAS
2005-10-21,MIA
2005-10-30,SD
2005-11-06,OAK
2005-11-13,BUF
2005-11-20,HOU
2005-11-27,NE
2005-12-04,DEN
2005-12-11,DAL
2005-12-17,NYG
2005-12-24,SD
2006-01-01,CIN
2006-09-10,CIN
2006-09-17,DEN
2006-10-01,SF
2006-10-08,ARI
2006-10-15,PIT
2006-10-22,SD
2006-10-29,SEA
2006-11-05,STL
2006-11-12,MIA
2006-11-19,OAK
2006-11-23,DEN
2006-12-03,CLE
2006-12-10,BAL
2006-12-17,SD
2006-12-23,OAK
2006-12-31,JAX
2007-01-06,IND
2007-09-09,HOU
2007-09-16,CHI
2007-09-23,MIN
2007-09-30,SD
2007-10-07,JAX
2007-10-14,CIN
2007-10-21,OAK
2007-11-04,GB
2007-11-11,DEN
2007-11-18,IND
2007-11-25,OAK
2007-12-02,SD
2007-12-09,DEN
2007-12-16,TEN
2007-12-23,DET
2007-12-30,NYJ
2008-09-07,NE
2008-09-14,OAK
2008-09-21,ATL
2008-09-28,DEN
2008-10-05,CAR
2008-10-19,TEN
2008-10-26,NYJ
2008-11-02,TB
2008-11-09,SD
2008-11-16,NO
2008-11-23,BUF
2008-11-30,OAK
2008-12-07,DEN
2008-12-14,SD
2008-12-21,MIA
2008-12-28,CIN
2009-09-13,BAL
2009-09-20,OAK
2009-09-27,PHI
2009-10-04,NYG
2009-10-11,DAL
2009-10-18,WAS
2009-10-25,SD
2009-11-08,JAX
2009-11-15,OAK
2009-11-22,PIT
2009-11-29,SD
2009-12-06,DEN
2009-12-13,BUF
2009-12-20,CLE
2009-12-27,CIN
2010-01-03,DEN
2010-09-13,SD
2010-09-19,CLE
2010-09-26,SF
2010-10-10,IND
2010-10-17,HOU
2010-10-24,JAX
2010-10-31,BUF
2010-11-07,OAK
2010-11-14,DEN
2010-11-21,ARI
2010-11-28,SEA
2010-12-05,DEN
2010-12-12,SD
2010-12-19,STL
2010-12-26,TEN
2011-01-02,OAK
2011-01-09,BAL
2011-09-11,BUF
2011-09-18,DET
2011-09-25,SD
2011-10-02,MIN
2011-10-09,IND
2011-10-23,OAK
2011-10-31,SD
2011-11-06,MIA
2011-11-13,DEN
2011-11-21,NE
2011-11-27,PIT
2011-12-04,CHI
2011-12-11,NYJ
2011-12-18,GB
2011-12-24,OAK
2012-01-01,DEN
2012-09-09,ATL
2012-09-16,BUF
2012-09-23,NO
2012-09-30,SD
2012-10-07,BAL
2012-10-14,TB
2012-10-28,OAK
2012-11-01,SD
2012-11-12,PIT
2012-11-18,CIN
2012-11-25,DEN
2012-12-02,CAR
2012-12-09,CLE
2012-12-16,OAK
2012-12-23,IND
2012-12-30,DEN
2013-09-08,JAX
2013-09-15,DAL
2013-09-19,PHI
2013-09-29,NYG
2013-10-06,TEN
2013-10-13,OAK
2013-10-20,HOU
2013-10-27,CLE
2013-11-03,BUF
2013-11-17,DEN
2013-11-24,SD
2013-12-01,DEN
2013-12-08,WAS
2013-12-15,OAK
2013-12-22,IND
2013-12-29,SD
2014-01-04,IND
2014-09-07,TEN
2014-09-14,DEN
2014-09-21,MIA
2014-09-29,NE
2014-10-05,SF
2014-10-19,SD
2014-10-26,STL
2014-11-02,NYJ
2014-11-09,BUF
2014-11-16,SEA
2014-11-20,OAK
2014-11-30,DEN
2014-12-07,ARI
2014-12-14,OAK
2014-12-21,PIT
2014-12-28,SD
